{
  "Chat": {
    "item_id": "32464625",
    "migration": [
      "2021_02_15_111736_create_invitations_table.php",
      "2021_02_15_130414_create_conversations_table.php",
      "2021_02_17_115544_create_statuses_table.php",
      "2021_02_17_165101_create_block_users_table.php",
      "2021_03_03_112535_create_chat_groups_table.php",
      "2021_03_03_112734_create_group_users_table.php",
      "2021_03_03_112908_create_group_message_recipients_table.php",
      "2021_03_18_172321_create_group_message_removes_table.php",
      "2021_04_19_094141_create_chat_notifications_table.php",
      "2021_11_23_094142_update_general_settings_table.php",
      "2022_09_30_073833_chatRolePermission.php"
    ],
    "versions": [
      "1.3.0"
    ],
    "url": [
      "https://www.aorasoft.com/"
    ],
    "notes": [
      "Communication between Course Instructor, Admin, Student."
    ]
  }
}
